English,Vietnamese,Context,Notes
Gryffindor,Gryffindor,House,Nhà Gryffindor
Slytherin,Slytherin,House,Nhà Slytherin
Ravenclaw,Ravenclaw,House,Nhà Ravenclaw
Hufflepuff,Hufflepuff,House,Nhà Hufflepuff
Hogwarts,Hogwarts,Location,Trường Phù thủy và Pháp sư Hogwarts
Hogsmeade,Hogsmeade,Location,Làng Hogsmeade
The Room of Requirement,Phòng Yêu Cầu,Location,Căn phòng bí mật
Forbidden Forest,Rừng Cấm,Location,Khu rừng nguy hiểm cấm học sinh
Great Hall,Đại Sảnh Đường,Location,Phòng ăn chính trường Hogwarts
Astronomy Tower,Tháp Thiên Văn,Location,Tháp quan sát thiên văn
Library Annex,Khu Phụ Cận Thư Viện,Location,Khu vực thư viện
Clock Tower,Tháp Đồng Hồ,Location,Tháp đồng hồ trường
Boathouse,Nhà Thuyền,Location,Bến thuyền Hogwarts
Accio,Accio,Spell,Bùa Triệu Tập
Alohomora,Alohomora,Spell,Bùa Mở Khóa
Avada Kedavra,Avada Kedavra,Spell,Lời Nguyền Chết Chóc
Crucio,Crucio,Spell,Lời Nguyền Tra Tấn
Imperio,Imperio,Spell,Lời Nguyền Độc Đoán
Confringo,Confringo,Spell,Bùa Nổ Súng
Bombarda,Bombarda,Spell,Bùa Nổ Công Phá
Diffindo,Diffindo,Spell,Bùa Cắt Sâu
Descendo,Descendo,Spell,Bùa Đập Xuống
Depulso,Depulso,Spell,Bùa Đẩy Lùi
Disillusionment,Bùa Tàng Hình,Spell,Tàng hình ngụy trang
Expelliarmus,Expelliarmus,Spell,Bùa Giải Giới
Flipendo,Flipendo,Spell,Bùa Lộn Nhào
Glacius,Glacius,Spell,Bùa Đóng Băng
Incendio,Incendio,Spell,Bùa Lửa
Levioso,Levioso,Spell,Bùa Bay Lơ Lửng
Lumos,Lumos,Spell,Bùa Thắp Sáng
Nox,Nox,Spell,Bùa Dập Lửa Ánh Sáng
Petrificus Totalus,Petrificus Totalus,Spell,Bùa Trói Toàn Thân / Bùa Hóa Đá
Protego,Protego,Spell,Bùa Khiên Che Chắn
Stupefy,Stupefy,Spell,Bùa Choáng Váng
Reparo,Reparo,Spell,Bùa Phục Hồi Sửa Chữa
Revelio,Revelio,Spell,Bùa Hiện Hình Phát Hiện
Wiggenweld Potion,Thuốc Hồi Máu Wiggenweld,Potion,Thuốc hồi phục sinh lực
Edurus Potion,Thuốc Cường Hóa Edurus,Potion,Thuốc tăng giáp phòng thủ
Maxima Potion,Thuốc Tối Đại Maxima,Potion,Thuốc tăng sát thương phép
Focus Potion,Thuốc Tập Trung,Potion,Thuốc giảm thời gian hồi chiêu
Thunderbrew,Thuốc Sấm Sét Thunderbrew,Potion,Thuốc tạo bão sấm sét xung quanh
Invisibility Potion,Thuốc Tàng Hình,Potion,Thuốc tàng hình tạm thời
Mandrake,Cây Nhân Sâm Mandrake,Plant,Thảo dược gây choáng bằng tiếng thét
Venomous Tentacula,Cây Xúc Tu Độc,Plant,Cây phun axit độc
Chinese Chomping Cabbage,Bắp Cải Nhai Trung Hoa,Plant,Bắp cải tự động tấn công kẻ địch
Ancient Magic,Phép Thuật Cổ Xưa,Gameplay,Nguồn năng lượng phép thuật đặc biệt
Field Guide,Cẩm Nang Phù Thủy,UI,Sổ tay hướng dẫn của Bộ Pháp Thuật
Gear,Trang Bị,UI,Quần áo và phụ kiện
Wand,Đũa Phép,Gameplay,Vũ khí phép thuật chính
Broom,Chổi Bay,Gameplay,Phương tiện bay lượn
Hippogriff,Bằng Mã (Hippogriff),Beast,Sinh vật huyền bí đầu chim mình ngựa
Thestral,Vọng Mã (Thestral),Beast,Ngựa xương chỉ người từng thấy cái chết mới thấy
Graphorn,Ngưu Ma Biển (Graphorn),Beast,Quái thú khổng lồ có sừng
Mooncalf,Bê Trăng (Mooncalf),Beast,Sinh vật hiền lành mắt to tròn
Niffler,Thú Đào Vàng Niffler,Beast,Sinh vật thích trộm đồ lấp lánh
Puffskein,Bông Xù Puffskein,Beast,Thú cưng hình cầu lông mềm mại
Jobberknoll,Chim Im Lặng Jobberknoll,Beast,Chim chỉ kêu trước khi chết
Fwooper,Chim Fwooper,Beast,Chim màu sắc sặc sỡ tiếng hót gây loạn trí
Kneazle,Mèo Kneazle,Beast,Mèo thông minh phát hiện kẻ xấu
Diricawl,Chim Diricawl,Beast,Chim biến hình dịch chuyển
Phoenix,Phượng Hoàng,Beast,Chim thần bất tử tái sinh từ tro tàn
Unicorn,Kỳ Lân,Beast,Ngựa một sừng thuần khiết
Ashwinder,Băng Đảng Rắn Tro (Ashwinders),Faction,Băng đảng tội phạm của Victor Rookwood
Poachers,Bọn Săn Trộm,Faction,Kẻ săn bắt sinh vật huyền bí
Ranrok's Loyalists,Thuộc Hạ Ranrok,Faction,Phe yêu tinh nổi loạn
Goblin,Yêu Tinh,Race,Chủng tộc yêu tinh thông minh
Centaur,Nhân Mã,Race,Người nửa ngựa trong Rừng Cấm
Acromantula,Nhện Khổng Lồ Acromantula,Monster,Loài nhện ăn thịt người
Inferi,Âm Binh (Inferi),Monster,Xác sống bị điều khiển bởi hắc thuật
Dugbog,Cóc Đầm Lầy Dugbog,Monster,Quái cóc mai rùa ẩn nấp đầm lầy
Dark Arts,Nghệ Thuật Hắc Ám,Lore,Phép thuật cấm hắc ám
Defense Against the Dark Arts,Phòng Chống Nghệ Thuật Hắc Ám,Subject,Môn học Hogwarts
Charms,Bùa Chú,Subject,Môn học Bùa Chú
Potions,Độc Dược,Subject,Môn học Chế tạo Thuốc
Herbology,Thảo Dược Học,Subject,Môn học nghiên cứu thực vật ma thuật
Transfiguration,Biến Hình Học,Subject,Môn học biến đổi vật chất
Divination,Tiên Tri Học,Subject,Môn học nhìn thấy tương lai
History of Magic,Lịch Sử Pháp Thuật,Subject,Môn học lịch sử
Care of Magical Creatures,Chăm Sóc Sinh Vật Huyền Bí,Subject,Môn học thú nuôi ma thuật
Flying,Bay Lượn,Subject,Môn học cưỡi chổi bay
Astronomy,Thiên Văn Học,Subject,Môn học ngắm sao
Headmaster,Hiệu Trưởng,Title,Hiệu trưởng Phineas Nigellus Black
Deputy Headmistress,Phó Hiệu Trưởng,Title,Giáo sư Matilda Weasley
Professor,Giáo Sư,Title,Giảng viên trường Hogwarts
Prefect,Huynh Trưởng,Title,Học sinh cán sự nhà
Galleon,Đồng Galleon,Currency,Tiền vàng phù thủy
Sickle,Đồng Sickle,Currency,Tiền bạc phù thủy
Knut,Đồng Knut,Currency,Tiền đồng phù thủy
