source,target,category,note
Play Globally,Chơi Toàn Cầu,Mode,Chế độ đấu trực tuyến với người chơi thế giới
Play Locally,Chơi Tại Chỗ,Mode,Chế độ chơi nhiều người cùng phòng/cùng máy
Play with Friends,Chơi Cùng Bạn Bè,Mode,Chơi online phòng riêng với bạn bè
Single Player,1 Người Chơi,UI,
Two Players,2 Người Chơi,UI,
Three Players,3 Người Chơi,UI,
Four Players,4 Người Chơi,UI,
Chambara,Kiếm Đạo (Chambara),Sport,Môn đấu kiếm thể thao
Tennis,Quần Vợt (Tennis),Sport,
Bowling,Bowling,Sport,
Volleyball,Bóng Chuyền,Sport,
Badminton,Cầu Lông,Sport,
Soccer,Bóng Đá,Sport,
Golf,Golf,Sport,
Basketball,Bóng Rổ,Sport,
Sword,Kiếm Đơn,Weapon,Vũ khí cơ bản trong Chambara
Charge Sword,Kiếm Tụ Lực,Weapon,Tụ năng lượng khi đỡ đòn
Twin Swords,Song Kiếm,Weapon,Cầm 2 tay 2 kiếm
Striking,Chém / Tấn Công,Action,
Guarding,Đỡ Đòn / Phòng Thủ,Action,
Getting Past a Guard,Phá Thế Thủ,Action,
Charge Strike,Đòn Tụ Lực,Action,
Spinning Strike,Đòn Xoay Song Kiếm,Action,
Leg Strap,Dây Buộc Chân,Hardware,Phụ kiện buộc Joy-Con vào đùi
Joy-Con strap,Dây đeo Joy-Con,Hardware,Dây đeo an toàn cổ tay
Dash,Tăng Tốc (Chạy Nhanh),Action,
Jump,Nhảy,Action,
Move,Di Chuyển,Action,
Select,Chọn,UI,
Close,Đóng,UI,
OK,Đồng Ý / OK,UI,
Back,Quay Lại,UI,
Advance,Tiếp Tục,UI,
Spike,Đập Bóng,Sport_Volleyball,Cú đập bóng trên lưới
Bump,Đệm Bóng,Sport_Volleyball,Đệm bóng bước một
Set,Chuyền Hai (Búng Bóng),Sport_Volleyball,Chuyền hai kiến tạo
Block,Chắn Bóng,Sport_Volleyball,Bật nhảy chắn bóng tại lưới
Smash,Đập Cầu / Đập Bóng,Sport_Racket,Cú smash uy lực
Drop Shot,Bỏ Nhỏ,Sport_Racket,Đánh bóng/cầu nhẹ sát lưới
Curve Ball,Ném Bóng Xoáy,Sport_Bowling,Tạo độ xoáy cho bóng bowling
Split,Thế Xếp Khó (Split),Sport_Bowling,Thế các pin đứng cách xa nhau
Spare,Spare,Sport_Bowling,Đánh ngã toàn bộ pin ở lượt thứ 2
Strike,Strike,Sport_Bowling,Đánh ngã toàn bộ pin ngay lượt đầu
Header,Đánh Đầu,Sport_Soccer,Đánh đầu đưa bóng vào lưới
Diving Header,Bay Người Đánh Đầu,Sport_Soccer,Phi người đánh đầu đẹp mắt
Shoot,Sút Bóng,Sport_Soccer,Sút về phía khung thành
Pass,Chuyền Bóng,Sport_Soccer,Chuyền cho đồng đội
Hole-in-One,Hole-in-One,Sport_Golf,Một gậy vào lỗ
Eagle,Eagle,Sport_Golf,-2 gậy so với Par
Birdie,Birdie,Sport_Golf,-1 gậy so với Par
Par,Par,Sport_Golf,Đúng số gậy chuẩn
Bogey,Bogey,Sport_Golf,+1 gậy
Dunk,Úp Rổ (Dunk),Sport_Basketball,Nhảy úp rổ trực diện
Three-Pointer,Cú Ném 3 Điểm,Sport_Basketball,Ném từ ngoài vạch 3 điểm
Rebound,Bắt Bóng Bật Bảng,Sport_Basketball,Tranh bóng bật ra từ bảng rổ
Try Some Kicks,Thử Sút Bóng,Tutorial,
Completion Bonus,Thưởng Hoàn Thành,UI,Nhãn danh sách phần thưởng
CPU Strength,Độ Khó Của Máy (CPU),UI,
Powerhouse,Cao Thủ,UI,Cấp độ CPU cao nhất
Single Match,1 Ván Duy Nhất,UI,Độ dài trận tennis
Best of 3,Thắng 2 Trên 3 (Bo3),UI,
Best of 5,Thắng 3 Trên 5 (Bo5),UI,
CPU,MÁY,UI,Đối thủ do máy điều khiển
Teams,Đội hình,UI,
Hitting Straight,Đánh Bóng Thẳng,Tutorial_Golf,
How to Play,Hướng Dẫn Cách Chơi,UI,
Resort,Khu nghỉ dưỡng (Resort),Sport_Golf,Sân golf
Host,Chủ Phòng,UI,
LAN Play,Chơi Qua Mạng LAN,Mode,
Continue,Tiếp tục,UI,
End Tutorial,Dừng hướng dẫn,UI,
Shoot-Out,Sút Luân Lưu,Sport_Soccer,
Beginner,Mới chơi,UI,Cấp độ khó Bowling
Intermediate,Trung cấp,UI,Cấp độ khó Bowling
Advanced,Nâng cao,UI,Cấp độ khó Bowling
Classic,Cổ điển (Classic),Sport_Golf,Sân golf
Room ID,Mã phòng (Room ID),UI,
Minimap,Bản đồ nhỏ,UI,
Finish!,Trận Đấu Kết Thúc!,UI,Băng-rôn kết thúc trận
Game!,Kết Thúc!,UI,Băng-rôn kết thúc game
None,Không có,UI,
Change Controls,Đổi Cách Điều Khiển,UI,
Here!,Bên này!,UI,
Block Out,Chắn Bóng Ra Ngoài,Sport_Volleyball,
Soccer: 1 vs. 1,Bóng Đá: 1 vs 1,UI,
Soccer: 4 vs. 4,Bóng Đá: 4 vs 4,UI,
Bowling: Standard,Bowling: Tiêu Chuẩn,UI,
Press the buttons.,Bấm các nút trên tay cầm.,UI,
Semifinals Result,Kết Quả Bán Kết,UI,
Finals Result,Kết Quả Chung Kết,UI,
Body,Vóc dáng,UI,
Striking,Tấn Công,Action,Chambara (đồng bộ với Offense)
Guarding,Phòng Thủ,Action,Chambara (đồng bộ với Defense)
Driving,Đột Phá (Dẫn Bóng),Action,Bóng rổ
Stealing the Ball,Cướp Bóng (Steal),Action,Bóng rổ
Return to title screen?,Quay về màn hình tiêu đề?,UI,
Decided by Deuce,Thắng giằng co (Deuce),UI,Điểm thưởng
Long-Rally Bonus,Thưởng pha giằng co dài,UI,Điểm thưởng
Press,Bấm,UI,Nút bấm: thống nhất dùng Bấm (không dùng Nhấn)
Left,Tay Trái,UI,Chân Trái khi môn là Bóng Đá
Right,Tay Phải,UI,Chân Phải khi môn là Bóng Đá
OK,OK,UI,Nút xác nhận - thống nhất OK
